-- phpMyAdmin SQL Dump
-- version 4.7.4
-- https://www.phpmyadmin.net/
--
-- Servidor: 127.0.0.1:3306
-- Tiempo de generación: 23-05-2018 a las 14:13:14
-- Versión del servidor: 5.7.19
-- Versión de PHP: 7.0.23

SET SQL_MODE = "NO_AUTO_VALUE_ON_ZERO";
SET AUTOCOMMIT = 0;
START TRANSACTION;
SET time_zone = "+00:00";


/*!40101 SET @OLD_CHARACTER_SET_CLIENT=@@CHARACTER_SET_CLIENT */;
/*!40101 SET @OLD_CHARACTER_SET_RESULTS=@@CHARACTER_SET_RESULTS */;
/*!40101 SET @OLD_COLLATION_CONNECTION=@@COLLATION_CONNECTION */;
/*!40101 SET NAMES utf8mb4 */;

--
-- Base de datos: `tamiflor`
--

-- --------------------------------------------------------

--
-- Estructura de tabla para la tabla `facturas`
--

DROP TABLE IF EXISTS `facturas`;
CREATE TABLE IF NOT EXISTS `facturas` (
  `id` int(5) NOT NULL AUTO_INCREMENT,
  `codigo_transaccion` varchar(15) NOT NULL,
  `cliente` varchar(50) NOT NULL,
  `cirif` varchar(11) NOT NULL,
  `fecha` varchar(50) NOT NULL,
  `created_user` int(3) NOT NULL,
  `created_date` timestamp NOT NULL DEFAULT CURRENT_TIMESTAMP,
  `updated_user` int(3) NOT NULL,
  `updated_date` timestamp NOT NULL DEFAULT CURRENT_TIMESTAMP ON UPDATE CURRENT_TIMESTAMP,
  PRIMARY KEY (`id`)
) ENGINE=InnoDB AUTO_INCREMENT=6 DEFAULT CHARSET=latin1;

--
-- Volcado de datos para la tabla `facturas`
--

INSERT INTO `facturas` (`id`, `codigo_transaccion`, `cliente`, `cirif`, `fecha`, `created_user`, `created_date`, `updated_user`, `updated_date`) VALUES
(5, 'FC-2018-0000001', 'Hernan Abreu V-16576717', 'V-16576717', '2018-05-23', 1, '2018-05-23 14:00:32', 1, '2018-05-23 14:00:32');

-- --------------------------------------------------------

--
-- Estructura de tabla para la tabla `insumo_factura`
--

DROP TABLE IF EXISTS `insumo_factura`;
CREATE TABLE IF NOT EXISTS `insumo_factura` (
  `id` int(5) NOT NULL AUTO_INCREMENT,
  `codigo` varchar(15) NOT NULL,
  `cantidad` int(11) NOT NULL,
  `fkfactura` varchar(15) NOT NULL,
  `created_user` int(3) NOT NULL,
  `created_date` timestamp NOT NULL DEFAULT CURRENT_TIMESTAMP,
  `updated_user` int(3) NOT NULL,
  `updated_date` timestamp NOT NULL DEFAULT CURRENT_TIMESTAMP ON UPDATE CURRENT_TIMESTAMP,
  PRIMARY KEY (`id`)
) ENGINE=InnoDB AUTO_INCREMENT=4 DEFAULT CHARSET=latin1;

--
-- Volcado de datos para la tabla `insumo_factura`
--

INSERT INTO `insumo_factura` (`id`, `codigo`, `cantidad`, `fkfactura`, `created_user`, `created_date`, `updated_user`, `updated_date`) VALUES
(1, 'B000365', 1, 'FC-2018-0000001', 1, '2018-04-03 19:05:29', 1, '2018-04-03 19:05:29'),
(2, 'B000368', 6, 'FC-2018-0000001', 1, '2018-04-03 19:32:15', 1, '2018-04-03 19:32:15'),
(3, 'B000365', 6, 'FC-2018-0000002', 1, '2018-04-03 19:43:10', 1, '2018-04-03 19:43:10');

-- --------------------------------------------------------

--
-- Estructura de tabla para la tabla `insumo_orden`
--

DROP TABLE IF EXISTS `insumo_orden`;
CREATE TABLE IF NOT EXISTS `insumo_orden` (
  `id` int(11) NOT NULL AUTO_INCREMENT,
  `codigo` varchar(15) NOT NULL,
  `cantidad` int(11) NOT NULL,
  `fkorden` varchar(15) NOT NULL,
  PRIMARY KEY (`id`)
) ENGINE=InnoDB AUTO_INCREMENT=24 DEFAULT CHARSET=latin1;

--
-- Volcado de datos para la tabla `insumo_orden`
--

INSERT INTO `insumo_orden` (`id`, `codigo`, `cantidad`, `fkorden`) VALUES
(7, 'B000365', 2, 'OC-2018-0000004'),
(21, 'B000364', 7, 'OC-2018-0000001'),
(22, 'B000365', 6, 'OC-2018-0000001'),
(23, 'B000365', 5, 'OC-2018-0000002');

-- --------------------------------------------------------

--
-- Estructura de tabla para la tabla `medicamentos`
--

DROP TABLE IF EXISTS `medicamentos`;
CREATE TABLE IF NOT EXISTS `medicamentos` (
  `codigo` varchar(7) NOT NULL,
  `nombre` varchar(50) NOT NULL,
  `precio_compra` int(11) NOT NULL,
  `precio_venta` int(11) NOT NULL,
  `unidad` varchar(20) NOT NULL,
  `stock` int(11) NOT NULL,
  `created_user` int(3) NOT NULL,
  `created_date` timestamp NOT NULL DEFAULT CURRENT_TIMESTAMP,
  `updated_user` int(3) NOT NULL,
  `updated_date` timestamp NOT NULL DEFAULT CURRENT_TIMESTAMP ON UPDATE CURRENT_TIMESTAMP,
  PRIMARY KEY (`codigo`),
  KEY `created_user` (`created_user`),
  KEY `updated_user` (`updated_user`)
) ENGINE=InnoDB DEFAULT CHARSET=latin1;

--
-- Volcado de datos para la tabla `medicamentos`
--

INSERT INTO `medicamentos` (`codigo`, `nombre`, `precio_compra`, `precio_venta`, `unidad`, `stock`, `created_user`, `created_date`, `updated_user`, `updated_date`) VALUES
('B000362', 'Dulvanex', 50, 75, 'cajas', 10, 1, '2017-07-24 16:43:20', 1, '2017-07-26 02:09:06'),
('B000363', 'Controlip', 12, 50, 'cajas', 10, 1, '2017-07-24 16:56:58', 1, '2017-07-26 02:09:28'),
('B000364', 'Quetiazic', 25, 50, 'cajas', 30, 1, '2017-07-25 02:59:48', 1, '2017-07-26 02:09:36'),
('B000365', 'Atamel', 20, 100, 'caja', 37, 1, '2018-01-14 22:02:46', 1, '2018-05-23 13:48:55'),
('B000366', 'Guantes', 10, 20, 'unidad', 1, 1, '2018-01-14 22:44:18', 1, '2018-01-16 19:19:27'),
('B000367', 'Geringas', 10, 15, 'unidad', 0, 1, '2018-01-14 22:44:55', 1, '2018-01-14 22:44:55'),
('B000368', 'Colector de orina', 10, 15, 'caja', 20, 1, '2018-01-14 22:48:09', 1, '2018-01-16 17:46:04'),
('B000369', 'Avodar /Avidar', 10, 15, 'caja', 50, 1, '2018-01-14 23:08:20', 1, '2018-01-17 17:21:35'),
('B000370', 'Inyectadoras', 10, 15, 'caja', 100, 1, '2018-01-16 16:05:50', 1, '2018-01-16 17:46:13'),
('B000371', 'AlgodÃ³n', 23, 32, 'caja', 0, 1, '2018-04-02 16:17:07', 1, '2018-04-02 16:18:57');

-- --------------------------------------------------------

--
-- Estructura de tabla para la tabla `ordenes`
--

DROP TABLE IF EXISTS `ordenes`;
CREATE TABLE IF NOT EXISTS `ordenes` (
  `id` int(5) NOT NULL AUTO_INCREMENT,
  `codigo_transaccion` varchar(15) NOT NULL,
  `proveedor` varchar(50) NOT NULL,
  `cirif` varchar(11) NOT NULL,
  `fecha` varchar(50) NOT NULL,
  `created_user` int(3) NOT NULL,
  `created_date` timestamp NOT NULL DEFAULT CURRENT_TIMESTAMP,
  `updated_user` int(3) NOT NULL,
  `updated_date` timestamp NOT NULL DEFAULT CURRENT_TIMESTAMP ON UPDATE CURRENT_TIMESTAMP,
  PRIMARY KEY (`id`)
) ENGINE=InnoDB AUTO_INCREMENT=4 DEFAULT CHARSET=latin1;

--
-- Volcado de datos para la tabla `ordenes`
--

INSERT INTO `ordenes` (`id`, `codigo_transaccion`, `proveedor`, `cirif`, `fecha`, `created_user`, `created_date`, `updated_user`, `updated_date`) VALUES
(3, 'OC-2018-0000001', 'Miguel Lopez', 'J-2662311-1', '2018-05-23', 1, '2018-05-23 14:11:40', 1, '2018-05-23 14:11:40');

-- --------------------------------------------------------

--
-- Estructura de tabla para la tabla `transaccion_medicamentos`
--

DROP TABLE IF EXISTS `transaccion_medicamentos`;
CREATE TABLE IF NOT EXISTS `transaccion_medicamentos` (
  `codigo_transaccion` varchar(15) NOT NULL,
  `fecha` date NOT NULL,
  `codigo` varchar(7) NOT NULL,
  `numero` int(11) NOT NULL,
  `created_user` int(3) NOT NULL,
  `created_date` timestamp NOT NULL DEFAULT CURRENT_TIMESTAMP ON UPDATE CURRENT_TIMESTAMP,
  `tipo_transaccion` varchar(50) NOT NULL,
  `cedularif` varchar(10) NOT NULL,
  PRIMARY KEY (`codigo_transaccion`),
  KEY `id_barang` (`codigo`),
  KEY `created_user` (`created_user`)
) ENGINE=InnoDB DEFAULT CHARSET=latin1;

--
-- Volcado de datos para la tabla `transaccion_medicamentos`
--

INSERT INTO `transaccion_medicamentos` (`codigo_transaccion`, `fecha`, `codigo`, `numero`, `created_user`, `created_date`, `tipo_transaccion`, `cedularif`) VALUES
('TM-2017-0000001', '2017-07-26', 'B000362', 5, 1, '2017-07-26 02:09:06', 'Entrada', ''),
('TM-2017-0000002', '2017-07-26', 'B000363', 10, 1, '2017-07-26 02:09:28', 'Entrada', ''),
('TM-2017-0000003', '2017-07-26', 'B000364', 5, 1, '2017-07-26 02:09:36', 'Salida', ''),
('TM-2018-0000004', '2018-01-14', 'B000365', 20, 1, '2018-01-14 22:03:49', 'Entrada', ''),
('TM-2018-0000005', '2018-01-14', 'B000365', 1, 1, '2018-01-14 22:04:05', 'Salida', ''),
('TM-2018-0000006', '2018-01-15', 'B000369', 50, 1, '2018-01-14 23:08:43', 'Entrada', ''),
('TM-2018-0000007', '2018-01-15', 'B000369', 1, 1, '2018-01-14 23:35:59', 'Salida', ''),
('TM-2018-0000008', '2018-01-15', 'B000369', 1, 1, '2018-01-14 23:40:29', 'Salida', 'V-16576717'),
('TM-2018-0000009', '2018-01-15', 'B000368', 20, 1, '2018-01-14 23:41:57', 'Entrada', 'J-28055664'),
('TM-2018-0000010', '2018-01-16', 'B000370', 100, 1, '2018-01-16 16:06:17', 'Entrada', '123'),
('TM-2018-0000011', '2018-01-16', 'B000369', 1, 1, '2018-01-16 17:50:03', 'Devolucion', '12333'),
('TM-2018-0000012', '2018-01-16', 'B000369', 1, 1, '2018-01-16 17:50:47', 'Devolucion', '5644'),
('TM-2018-0000013', '2018-01-16', 'B000366', 1, 1, '2018-01-16 17:55:36', 'Salida', '534'),
('TM-2018-0000014', '2018-01-16', 'B000366', 1, 1, '2018-01-16 18:08:34', 'Salida', '45'),
('TM-2018-0000015', '2018-01-16', 'B000369', 100, 1, '2018-01-16 18:47:16', 'Salida', ''),
('TM-2018-0000016', '2018-01-16', 'B000366', 2, 1, '2018-01-16 19:17:50', 'Devolucion', ''),
('TM-2018-0000017', '2018-01-16', 'B000366', 1, 1, '2018-01-16 19:19:27', 'Entrada', 'w3423'),
('TR-2018-0000018', '2018-01-17', 'B000369', 100, 1, '2018-01-17 17:21:15', 'Entrada', ''),
('TR-2018-0000019', '2018-04-02', 'B000365', 1, 1, '2018-04-02 14:45:11', 'Salida', '123'),
('TR-2018-0000020', '2018-05-23', 'B000365', 20, 1, '2018-05-23 13:48:55', 'Entrada', 'v-16576717');

-- --------------------------------------------------------

--
-- Estructura de tabla para la tabla `usuarios`
--

DROP TABLE IF EXISTS `usuarios`;
CREATE TABLE IF NOT EXISTS `usuarios` (
  `id_user` int(3) NOT NULL AUTO_INCREMENT,
  `username` varchar(50) NOT NULL,
  `name_user` varchar(50) NOT NULL,
  `password` varchar(50) NOT NULL,
  `email` varchar(50) DEFAULT NULL,
  `telefono` varchar(13) DEFAULT NULL,
  `foto` varchar(100) DEFAULT NULL,
  `permisos_acceso` enum('Administrador','Gerente','Almacenista','Asistente','Vendedor','Chofer','Secretaria') NOT NULL,
  `status` enum('activo','bloqueado') NOT NULL DEFAULT 'activo',
  `created_at` timestamp NOT NULL DEFAULT CURRENT_TIMESTAMP,
  `updated_at` timestamp NOT NULL DEFAULT CURRENT_TIMESTAMP ON UPDATE CURRENT_TIMESTAMP,
  PRIMARY KEY (`id_user`),
  KEY `level` (`permisos_acceso`)
) ENGINE=InnoDB AUTO_INCREMENT=5 DEFAULT CHARSET=latin1;

--
-- Volcado de datos para la tabla `usuarios`
--

INSERT INTO `usuarios` (`id_user`, `username`, `name_user`, `password`, `email`, `telefono`, `foto`, `permisos_acceso`, `status`, `created_at`, `updated_at`) VALUES
(1, 'admin', 'Hernan Abreu', '21232f297a57a5a743894a0e4a801fc3', 'herchino53@gmail.com', '04141140982', '13298087_1559104587724476_1832060351_a.jpg', 'Administrador', 'activo', '2017-04-01 08:15:15', '2018-01-14 07:09:24'),
(2, 'Mariarles', 'Mariarles', '202cb962ac59075b964b07152d234b70', 'juab@juan.com', '12000', '1015957_683419268339673_1552828715_o.jpg', 'Almacenista', 'activo', '2017-07-25 22:34:03', '2018-01-14 07:15:59'),
(3, 'miguel', 'Miguel Lopez', '202cb962ac59075b964b07152d234b70', '', '', NULL, 'Gerente', 'activo', '2018-01-14 06:40:06', '2018-01-14 07:16:30'),
(4, 'flor', 'Flor Olmos', '202cb962ac59075b964b07152d234b70', '', '', NULL, 'Vendedor', 'activo', '2018-01-14 06:40:58', '2018-01-14 14:51:02');

--
-- Restricciones para tablas volcadas
--

--
-- Filtros para la tabla `medicamentos`
--
ALTER TABLE `medicamentos`
  ADD CONSTRAINT `medicamentos_ibfk_1` FOREIGN KEY (`created_user`) REFERENCES `usuarios` (`id_user`) ON DELETE CASCADE ON UPDATE CASCADE,
  ADD CONSTRAINT `medicamentos_ibfk_2` FOREIGN KEY (`updated_user`) REFERENCES `usuarios` (`id_user`) ON DELETE CASCADE ON UPDATE CASCADE;

--
-- Filtros para la tabla `transaccion_medicamentos`
--
ALTER TABLE `transaccion_medicamentos`
  ADD CONSTRAINT `transaccion_medicamentos_ibfk_1` FOREIGN KEY (`codigo`) REFERENCES `medicamentos` (`codigo`) ON DELETE CASCADE ON UPDATE CASCADE,
  ADD CONSTRAINT `transaccion_medicamentos_ibfk_2` FOREIGN KEY (`created_user`) REFERENCES `usuarios` (`id_user`) ON DELETE CASCADE ON UPDATE CASCADE;
COMMIT;

/*!40101 SET CHARACTER_SET_CLIENT=@OLD_CHARACTER_SET_CLIENT */;
/*!40101 SET CHARACTER_SET_RESULTS=@OLD_CHARACTER_SET_RESULTS */;
/*!40101 SET COLLATION_CONNECTION=@OLD_COLLATION_CONNECTION */;
